"Qubit,""T1 (us)"",""T2 (us)"",""Readout assignment error"",""Prob meas0 prep1"",""Prob meas1 prep0"",""Readout length (ns)"",""ID error"",""Single-qubit gate length (ns)"",""RX error"",""Z-axis rotation (rz) error"",""√x (sx) error"",""Pauli-X error"",""XSLOW error"",""CZ error"",""Gate length (ns)"",""RZZ error"",""MEASURE error"",""MEASURE_2 error"",""Operational""";;;;;;
"0,""188.66471248799868"",""171.54223424500864"",""0.0123291015625"",""0.013427734375"",""0.01123046875"",""2280"",""0.00029762180418752796"",""32"",""0.00029762180418752796"",""0"",""0.00029762180418752796"",""0.00029762180418752796"",""0.00029762180418752796"",""1:0.0015924780340623723"",""1:68"",""1:0.0018483277249390362"",""0.0123291015625"",""0.345947265625"",""Yes""";;;;;;
"1,""218.72796187360183"",""298.35972148721714"",""0.0093994140625"",""0.010986328125"",""0.0078125"",""2280"",""0.00022884747241593082"",""32"",""0.00022884747241593082"",""0"",""0.00022884747241593082"",""0.00022884747241593082"",""0.00022884747241593082"",""2:0.001123136372409378";"0:0.0015924780340623723"",""2:68";"0:68"",""2:0.0024801405999395343";"0:0.0018483277249390362"",""0.0093994140625"",""0.16650390625"",""Yes""";;;
"2,""192.52970742698346"",""84.26356530527246"",""0.009033203125"",""0.0107421875"",""0.00732421875"",""2280"",""0.0001358956919723322"",""32"",""0.0001358956919723322"",""0"",""0.0001358956919723322"",""0.0001358956919723322"",""0.0001358956919723322"",""1:0.001123136372409378";"3:0.0017527128279956339"",""1:68";"3:68"",""1:0.0024801405999395343";"3:0.00156975463052772"",""0.009033203125"",""0.0107421875"",""Yes""";;;
"3,""131.16313748061663"",""176.01512825099456"",""0.0079345703125"",""0.01171875"",""0.004150390625"",""2280"",""0.0004213794990091155"",""32"",""0.0004213794990091155"",""0"",""0.0004213794990091155"",""0.0004213794990091155"",""0.0004213794990091155"",""16:0.0017042759166596422";2:0.0017527128279956339;"4:0.002590750019358601"",""16:68";0,130555556;"4:68"",""16:0.0016056262837878532";2:0.00156975463052772;"4:0.0023215350366947163"",""0.0079345703125"",""0.126708984375"",""Yes"""
"4,""174.72960573325713"",""41.94825691919921"",""0.0179443359375"",""0.027587890625"",""0.00830078125"",""2280"",""0.000331942545507568"",""32"",""0.000331942545507568"",""0"",""0.000331942545507568"",""0.000331942545507568"",""0.000331942545507568"",""3:0.002590750019358601";"5:0.002341625166192296"",""3:68";"5:68"",""3:0.0023215350366947163";"5:0.0026607353705991044"",""0.0179443359375"",""0.014404296875"",""Yes""";;;
"5,""128.94506134047364"",""50.83800781385053"",""0.0111083984375"",""0.01953125"",""0.002685546875"",""2280"",""0.0005409567494039225"",""32"",""0.0005409567494039225"",""0"",""0.0005409567494039225"",""0.0005409567494039225"",""0.0005409567494039225"",""6:0.0028962369624505324";"4:0.002341625166192296"",""6:68";"4:68"",""6:0.0031965798028024406";"4:0.0026607353705991044"",""0.0111083984375"",""0.163330078125"",""Yes""";;;
"6,""167.19506854079688"",""82.08360043326452"",""0.0081787109375"",""0.009765625"",""0.006591796875"",""2280"",""0.0002728136188754447"",""32"",""0.0002728136188754447"",""0"",""0.0002728136188754447"",""0.0002728136188754447"",""0.0002728136188754447"",""5:0.0028962369624505324";"7:0.009173451311455333"",""5:68";"7:80"",""5:0.0031965798028024406";"7:0.007791203435780103"",""0.0081787109375"",""0.009033203125"",""Yes""";;;
"7,""191.3224707299575"",""61.675843530327775"",""0.023193359375"",""0.02197265625"",""0.0244140625"",""2280"",""0.0004827525909559271"",""32"",""0.0004827525909559271"",""0"",""0.0004827525909559271"",""0.0004827525909559271"",""0.0004827525909559271"",""17:0.009136552080831334";6:0.009173451311455333;"8:0.007549726785676003"",""17:68";0,305555556;"8:68"",""17:0.007492111792692824";6:0.007791203435780103;"8:0.004421694743118404"",""0.023193359375"",""0.04833984375"",""Yes"""
"8,""171.98813337682785"",""60.6671042022307"",""0.006103515625"",""0.0107421875"",""0.00146484375"",""2280"",""0.000343807484809409"",""32"",""0.000343807484809409"",""0"",""0.000343807484809409"",""0.000343807484809409"",""0.000343807484809409"",""9:0.0028711662026531803";"7:0.007549726785676003"",""9:68";"7:68"",""9:0.00330488183773911";"7:0.004421694743118404"",""0.006103515625"",""0.01611328125"",""Yes""";;;
"9,""110.43706245097752"",""37.94379006392664"",""0.0086669921875"",""0.0126953125"",""0.004638671875"",""2280"",""0.0002850231596963811"",""32"",""0.0002850231596963811"",""0"",""0.0002850231596963811"",""0.0002850231596963811"",""0.0002850231596963811"",""8:0.0028711662026531803";"10:0.0054087835688300945"",""8:68";"10:68"",""8:0.00330488183773911";"10:0.0026679815459144662"",""0.0086669921875"",""0.040283203125"",""Yes""";;;
"10,""194.28770238960058"",""19.046703750241154"",""0.00341796875"",""0.00439453125"",""0.001708984375"",""2280"",""0.000253860507076551"",""32"",""0.000253860507076551"",""0"",""0.000253860507076551"",""0.000253860507076551"",""0.000253860507076551"",""9:0.0054087835688300945";"11:0.0014762423952038028"",""9:68";"11:68"",""9:0.0026679815459144662";"11:0.00134399333436247"",""0.00341796875"",""0.0029296875"",""Yes""";;;
"11,""235.51228843295448"",""96.03091438417412"",""0.0081787109375"",""0.00634765625"",""0.010009765625"",""2280"",""0.0003619716674913603"",""32"",""0.0003619716674913603"",""0"",""0.0003619716674913603"",""0.0003619716674913603"",""0.0003619716674913603"",""18:0.001899701667151199";10:0.0014762423952038028;"12:0.001440466986563027"",""18:68";0,463888889;"12:68"",""18:0.0016718850193341572";10:0.00134399333436247;"12:0.0013298867868239694"",""0.0081787109375"",""0.005859375"",""Yes"""
"12,""181.81525083096588"",""182.55170880541377"",""0.0322265625"",""0.047119140625"",""0.017333984375"",""2280"",""0.0003279591272371791"",""32"",""0.0003279591272371791"",""0"",""0.0003279591272371791"",""0.0003279591272371791"",""0.0003279591272371791"",""13:0.0028028335673511984";"11:0.001440466986563027"",""13:68";"11:68"",""13:0.002334609445880348";"11:0.0013298867868239694"",""0.0322265625"",""0.028076171875"",""Yes""";;;
"13,""223.85383801421114"",""247.54562681279356"",""0.013427734375"",""0.015625"",""0.01123046875"",""2280"",""0.00033948546415386345"",""32"",""0.00033948546415386345"",""0"",""0.00033948546415386345"",""0.00033948546415386345"",""0.00033948546415386345"",""12:0.0028028335673511984";"14:0.0012516486745622335"",""12:68";"14:68"",""12:0.002334609445880348";"14:0.0011138214299063753"",""0.013427734375"",""0.0126953125"",""Yes""";;;
"14,""192.26234274820882"",""240.07055560789988"",""0.031005859375"",""0.0498046875"",""0.01220703125"",""2280"",""0.00023032027330362762"",""32"",""0.00023032027330362762"",""0"",""0.00023032027330362762"",""0.00023032027330362762"",""0.00023032027330362762"",""15:0.0028682516459165586";"13:0.0012516486745622335"",""15:68";"13:68"",""15:0.0016283575295649444";"13:0.0011138214299063753"",""0.031005859375"",""0.01220703125"",""Yes""";;;
"15,""181.76887430801187"",""177.50366687286058"",""0.0126953125"",""0.013427734375"",""0.011962890625"",""2280"",""0.00015930939480773273"",""32"",""0.00015930939480773273"",""0"",""0.00015930939480773273"",""0.00015930939480773273"",""0.00015930939480773273"",""14:0.0028682516459165586";"19:0.0017298385409314776"",""14:68";"19:68"",""14:0.0016283575295649444";"19:0.00208215065826578"",""0.0126953125"",""0.03369140625"",""Yes""";;;
"16,""210.8449255666837"",""204.46728841098636"",""0.0428466796875"",""0.048095703125"",""0.03759765625"",""2280"",""0.00017751256024962653"",""32"",""0.00017751256024962653"",""0"",""0.00017751256024962653"",""0.00017751256024962653"",""0.00017751256024962653"",""23:0.001279847383370225";"3:0.0017042759166596422"",""23:68";"3:68"",""23:0.0012916474607389539";"3:0.0016056262837878532"",""0.0428466796875"",""0.056884765625"",""Yes""";;;
"17,""164.03667094246683"",""71.02055882758143"",""0.01220703125"",""0.021484375"",""0.0029296875"",""2280"",""0.0003207815510336542"",""32"",""0.0003207815510336542"",""0"",""0.0003207815510336542"",""0.0003207815510336542"",""0.0003207815510336542"",""7:0.009136552080831334";"27:0.002466157731992019"",""7:68";"27:68"",""7:0.007492111792692824";"27:0.002778977890695117"",""0.01220703125"",""0.014404296875"",""Yes""";;;
"18,""100.8164829841"",""82.02085453083833"",""0.0169677734375"",""0.02392578125"",""0.010009765625"",""2280"",""0.00039392106670010403"",""32"",""0.00039392106670010403"",""0"",""0.00039392106670010403"",""0.00039392106670010403"",""0.00039392106670010403"",""11:0.001899701667151199";"31:0.00296785067556421"",""11:68";"31:68"",""11:0.0016718850193341572";"31:0.0020033243548507607"",""0.0169677734375"",""0.034912109375"",""Yes""";;;
"19,""178.94264107043182"",""151.02568130445536"",""0.0111083984375"",""0.013671875"",""0.008544921875"",""2280"",""0.00039254080842950995"",""32"",""0.00039254080842950995"",""0"",""0.00039254080842950995"",""0.00039254080842950995"",""0.00039254080842950995"",""35:0.0013492879404421176";"15:0.0017298385409314776"",""35:68";"15:68"",""35:0.0013796261912027985";"15:0.00208215065826578"",""0.0111083984375"",""0.00830078125"",""Yes""";;;
"20,""172.07473093171785"",""20.23907597919612"",""0.01025390625"",""0.013916015625"",""0.006591796875"",""2280"",""0.0004692513806019807"",""32"",""0.0004692513806019807"",""0"",""0.0004692513806019807"",""0.0004692513806019807"",""0.0004692513806019807"",""21:0.001808260039031312"",""21:68"",""21:0.0016567116599500442"",""0.01025390625"",""0.015869140625"",""Yes""";;;;;;
"21,""193.48068720623309"",""236.13929874588322"",""0.0040283203125"",""0.007080078125"",""0.0009765625"",""2280"",""0.00020092569859824335"",""32"",""0.00020092569859824335"",""0"",""0.00020092569859824335"",""0.00020092569859824335"",""0.00020092569859824335"",""36:0.0018022109410544551";20:0.001808260039031312;"22:0.0012566438544938385"",""36:68";0,880555556;"22:68"",""36:0.0012871122548729352";20:0.0016567116599500442;"22:0.0011695790685702923"",""0.0040283203125"",""0.004638671875"",""Yes"""
"22,""181.25127987334793"",""103.36671322910533"",""0.0146484375"",""0.015625"",""0.013671875"",""2280"",""0.00023983821738913797"",""32"",""0.00023983821738913797"",""0"",""0.00023983821738913797"",""0.00023983821738913797"",""0.00023983821738913797"",""23:0.0014935364687877484";"21:0.0012566438544938385"",""23:68";"21:68"",""23:0.0016008255360722423";"21:0.0011695790685702923"",""0.0146484375"",""0.034912109375"",""Yes""";;;
"23,""206.2823834496872"",""60.692609027701"",""0.0069580078125"",""0.01123046875"",""0.002685546875"",""2280"",""0.0001358864262025547"",""32"",""0.0001358864262025547"",""0"",""0.0001358864262025547"",""0.0001358864262025547"",""0.0001358864262025547"",""22:0.0014935364687877484";24:0.001845739685334663;"16:0.001279847383370225"",""22:68";24:68;"16:68"",""22:0.0016008255360722423";24:0.0016162069169880222;"16:0.0012916474607389539"",""0.0069580078125"",""0.007568359375"",""Yes"""
"24,""176.7962739443484"",""50.44338541188364"",""0.0167236328125"",""0.021240234375"",""0.01220703125"",""2280"",""0.00045999853634101027"",""32"",""0.00045999853634101027"",""0"",""0.00045999853634101027"",""0.00045999853634101027"",""0.00045999853634101027"",""23:0.001845739685334663";"25:0.0027151766163162894"",""23:68";"25:68"",""23:0.0016162069169880222";"25:0.0027804700528561987"",""0.0167236328125"",""0.02197265625"",""Yes""";;;
"25,""152.86486255228365"",""22.764464368573023"",""0.007568359375"",""0.011962890625"",""0.003173828125"",""2280"",""0.00023877685284070125"",""32"",""0.00023877685284070125"",""0"",""0.00023877685284070125"",""0.00023877685284070125"",""0.00023877685284070125"",""24:0.0027151766163162894";26:0.001967416430184249;"37:0.006078960244780773"",""24:68";26:68;"37:68"",""24:0.0027804700528561987";26:0.002002467256681073;"37:0.005337703144451672"",""0.007568359375"",""0.008544921875"",""Yes"""
"26,""171.7703488220069"",""104.32574435993314"",""0.011962890625"",""0.016845703125"",""0.007080078125"",""2280"",""0.0003364270569057909"",""32"",""0.0003364270569057909"",""0"",""0.0003364270569057909"",""0.0003364270569057909"",""0.0003364270569057909"",""25:0.001967416430184249";"27:0.0018677801965063245"",""25:68";"27:68"",""25:0.002002467256681073";"27:0.0017092953945138378"",""0.011962890625"",""0.015869140625"",""Yes""";;;
"27,""215.2486290316638"",""49.21566912842677"",""0.0150146484375"",""0.02685546875"",""0.00341796875"",""2280"",""0.00021528963782647254"",""32"",""0.00021528963782647254"",""0"",""0.00021528963782647254"",""0.00021528963782647254"",""0.00021528963782647254"",""26:0.0018677801965063245";28:0.001540755391723686;"17:0.002466157731992019"",""26:68";28:68;"17:68"",""26:0.0017092953945138378";28:0.0015406358967274547;"17:0.002778977890695117"",""0.0150146484375"",""0.021240234375"",""Yes"""
"28,""168.80911478826513"",""188.5969735639134"",""0.0108642578125"",""0.016357421875"",""0.00537109375"",""2280"",""0.0001834606163482752"",""32"",""0.0001834606163482752"",""0"",""0.0001834606163482752"",""0.0001834606163482752"",""0.0001834606163482752"",""27:0.001540755391723686";"29:0.004006046731430374"",""27:68";"29:68"",""27:0.0015406358967274547";"29:0.0025067011422427454"",""0.0108642578125"",""0.028564453125"",""Yes""";;;
"29,""137.1294647274576"",""68.47638339368427"",""0.00634765625"",""0.009033203125"",""0.003662109375"",""2280"",""0.00019275544543586795"",""32"",""0.00019275544543586795"",""0"",""0.00019275544543586795"",""0.00019275544543586795"",""0.00019275544543586795"",""38:0.010836408988313895";28:0.004006046731430374;"30:0.0018266769604694533"",""38:68";28:68;"30:80"",""38:0.004284794272673004";28:0.0025067011422427454;"30:0.0017000025011406072"",""0.00634765625"",""0.0048828125"",""Yes"""
"30,""144.67769191401328"",""62.99318080203983"",""0.00830078125"",""0.013427734375"",""0.003173828125"",""2280"",""0.0003888576447382998"",""32"",""0.0003888576447382998"",""0"",""0.0003888576447382998"",""0.0003888576447382998"",""0.0003888576447382998"",""31:0.0017808778753476695";"29:0.0018266769604694533"",""31:68";"29:80"",""31:0.0020812505485583443";"29:0.0017000025011406072"",""0.00830078125"",""0.009521484375"",""Yes""";;;
"31,""176.68833940923236"",""162.58390446480308"",""0.0211181640625"",""0.034423828125"",""0.0078125"",""2280"",""0.00013231995796693176"",""32"",""0.00013231995796693176"",""0"",""0.00013231995796693176"",""0.00013231995796693176"",""0.00013231995796693176"",""30:0.0017808778753476695";32:0.0018689062554222702;"18:0.00296785067556421"",""30:68";32:68;"18:68"",""30:0.0020812505485583443";32:0.0020652900610338143;"18:0.0020033243548507607"",""0.0211181640625"",""0.104248046875"",""Yes"""
"32,""171.76466203202526"",""188.43746186495392"",""0.0216064453125"",""0.024169921875"",""0.01904296875"",""2280"",""0.00020524280656599917"",""32"",""0.00020524280656599917"",""0"",""0.00020524280656599917"",""0.00020524280656599917"",""0.00020524280656599917"",""31:0.0018689062554222702";"33:0.003714507102233755"",""31:68";"33:68"",""31:0.0020652900610338143";"33:0.0021477300300542512"",""0.0216064453125"",""0.011962890625"",""Yes""";;;
"33,""227.7576891619499"",""337.54117800530986"",""0.01171875"",""0.01611328125"",""0.00732421875"",""2280"",""0.00016644864980737339"",""32"",""0.00016644864980737339"",""0"",""0.00016644864980737339"",""0.00016644864980737339"",""0.00016644864980737339"",""39:0.0022043295447634614";32:0.003714507102233755;"34:0.0027823178589683195"",""39:68";32:68;"34:108"",""39:0.0018911047473325893";32:0.0021477300300542512;"34:0.0021343015326233117"",""0.01171875"",""0.010986328125"",""Yes"""
"34,""163.50756971935192"",""169.6294713208957"",""0.0262451171875"",""0.02880859375"",""0.023681640625"",""2280"",""0.00023848748854945662"",""32"",""0.00023848748854945662"",""0"",""0.00023848748854945662"",""0.00023848748854945662"",""0.00023848748854945662"",""33:0.0027823178589683195";"35:0.002090843885143301"",""33:108";"35:68"",""33:0.0021343015326233117";"35:0.001890621839303025"",""0.0262451171875"",""0.01708984375"",""Yes""";;;
"35,""160.6573975105657"",""165.48063816456846"",""0.0198974609375"",""0.028564453125"",""0.01123046875"",""2280"",""0.0001478194758855902"",""32"",""0.0001478194758855902"",""0"",""0.0001478194758855902"",""0.0001478194758855902"",""0.0001478194758855902"",""19:0.0013492879404421176";"34:0.002090843885143301"",""19:68";"34:68"",""19:0.0013796261912027985";"34:0.001890621839303025"",""0.0198974609375"",""0.024658203125"",""Yes""";;;
"36,""138.60782614250533"",""124.0272457760288"",""0.0128173828125"",""0.0146484375"",""0.010986328125"",""2280"",""0.0002445030030763982"",""32"",""0.0002445030030763982"",""0"",""0.0002445030030763982"",""0.0002445030030763982"",""0.0002445030030763982"",""41:0.0025720399323891086";"21:0.0018022109410544551"",""41:68";"21:68"",""41:0.0019216467036492768";"21:0.0012871122548729352"",""0.0128173828125"",""0.012939453125"",""Yes""";;;
"37,""103.17071704899305"",""29.25430399138495"",""0.008056640625"",""0.012451171875"",""0.003662109375"",""2280"",""0.00039043674518455705"",""32"",""0.00039043674518455705"",""0"",""0.00039043674518455705"",""0.00039043674518455705"",""0.00039043674518455705"",""45:0.007548842640345305";"25:0.006078960244780773"",""45:68";"25:68"",""45:0.005344624532466397";"25:0.005337703144451672"",""0.008056640625"",""0.007080078125"",""Yes""";;;
"38,""151.2189822805432"",""97.10863391303708"",""0.0115966796875"",""0.010986328125"",""0.01220703125"",""2280"",""0.00021484095287090747"",""32"",""0.00021484095287090747"",""0"",""0.00021484095287090747"",""0.00021484095287090747"",""0.00021484095287090747"",""29:0.010836408988313895";"49:0.0016579054233935575"",""29:68";"49:68"",""29:0.004284794272673004";"49:0.001602967654958598"",""0.0115966796875"",""0.046875"",""Yes""";;;
"39,""121.37778536085888"",""97.27507908728717"",""0.0118408203125"",""0.014404296875"",""0.00927734375"",""2280"",""0.00022696706720575158"",""32"",""0.00022696706720575158"",""0"",""0.00022696706720575158"",""0.00022696706720575158"",""0.00022696706720575158"",""53:0.0019728970668279333";"33:0.0022043295447634614"",""53:68";"33:68"",""53:0.0016764316387279654";"33:0.0018911047473325893"",""0.0118408203125"",""0.03662109375"",""Yes""";;;
"40,""199.05353752670345"",""47.46929767775942"",""0.0068359375"",""0.009033203125"",""0.004638671875"",""2280"",""0.00030557701762476316"",""32"",""0.00030557701762476316"",""0"",""0.00030557701762476316"",""0.00030557701762476316"",""0.00030557701762476316"",""41:0.002357638207335949"",""41:68"",""41:0.0024120385195894323"",""0.0068359375"",""0.029296875"",""Yes""";;;;;;
"41,""188.995745838471"",""42.28636432151072"",""0.011962890625"",""0.017822265625"",""0.006103515625"",""2280"",""0.00029616008553452554"",""32"",""0.00029616008553452554"",""0"",""0.00029616008553452554"",""0.00029616008553452554"",""0.00029616008553452554"",""40:0.002357638207335949";42:0.004867789590675853;"36:0.0025720399323891086"",""40:68";42:68;"36:68"",""40:0.0024120385195894323";42:0.002156156034039125;"36:0.0019216467036492768"",""0.011962890625"",""0.0087890625"",""Yes"""
"42,""176.04475557858922"",""78.76663722854612"",""0.009521484375"",""0.01318359375"",""0.005859375"",""2280"",""0.00023843814285405277"",""32"",""0.00023843814285405277"",""0"",""0.00023843814285405277"",""0.00023843814285405277"",""0.00023843814285405277"",""41:0.004867789590675853";"43:0.0026049550122299037"",""41:68";"43:68"",""41:0.002156156034039125";"43:0.002734047331395595"",""0.009521484375"",""0.064208984375"",""Yes""";;;
"43,""168.5482569694448"",""36.11478566872972"",""0.0118408203125"",""0.0185546875"",""0.005126953125"",""2280"",""0.0007209948370205093"",""32"",""0.0007209948370205093"",""0"",""0.0007209948370205093"",""0.0007209948370205093"",""0.0007209948370205093"",""42:0.0026049550122299037";56:0.0024940139842680453;"44:0.0020800848491475954"",""42:68";56:68;"44:68"",""42:0.002734047331395595";56:0.002874876000279525;"44:0.002347960692753337"",""0.0118408203125"",""0.016357421875"",""Yes"""
"44,""164.56582974539097"",""178.8432298619559"",""0.005126953125"",""0.0068359375"",""0.001220703125"",""2280"",""0.00017890660534522699"",""32"",""0.00017890660534522699"",""0"",""0.00017890660534522699"",""0.00017890660534522699"",""0.00017890660534522699"",""45:0.0016847210412841707";"43:0.0020800848491475954"",""45:68";"43:68"",""45:0.0017489075132944565";"43:0.002347960692753337"",""0.005126953125"",""0.006103515625"",""Yes""";;;
"45,""207.11235840352015"",""143.7635852283299"",""0.007080078125"",""0.007568359375"",""0.006591796875"",""2280"",""0.0002776135261665296"",""32"",""0.0002776135261665296"",""0"",""0.0002776135261665296"",""0.0002776135261665296"",""0.0002776135261665296"",""44:0.0016847210412841707";46:0.0015971010622848614;"37:0.007548842640345305"",""44:68";46:68;"37:68"",""44:0.0017489075132944565";46:0.001712935123857423;"37:0.005344624532466397"",""0.007080078125"",""0.011962890625"",""Yes"""
"46,""108.69493113470563"",""107.91906709886808"",""0.013427734375"",""0.0234375"",""0.00341796875"",""2280"",""0.00038819187349201805"",""32"",""0.00038819187349201805"",""0"",""0.00038819187349201805"",""0.00038819187349201805"",""0.00038819187349201805"",""45:0.0015971010622848614";"47:0.0018419987329720278"",""45:68";"47:68"",""45:0.001712935123857423";"47:0.002248867087763312"",""0.013427734375"",""0.009521484375"",""Yes""";;;
"47,""199.53347219803334"",""228.21926750098888"",""0.0087890625"",""0.01025390625"",""0.00732421875"",""2280"",""0.0005311770982436019"",""32"",""0.0005311770982436019"",""0"",""0.0005311770982436019"",""0.0005311770982436019"",""0.0005311770982436019"",""48:0.002607404729535079";57:0.0019491933240723958;"46:0.0018419987329720278"",""48:68";57:68;"46:68"",""48:0.002292162214436677";57:0.0018670721733782814;"46:0.002248867087763312"",""0.0087890625"",""0.00927734375"",""Yes"""
"48,""148.5092967815255"",""21.020478927093407"",""0.007568359375"",""0.01171875"",""0.00341796875"",""2280"",""0.00028737651823518767"",""32"",""0.00028737651823518767"",""0"",""0.00028737651823518767"",""0.00028737651823518767"",""0.00028737651823518767"",""47:0.002607404729535079";"49:0.0021683723902420904"",""47:68";"49:68"",""47:0.002292162214436677";"49:0.002246767083579765"",""0.007568359375"",""0.115966796875"",""Yes""";;;
"49,""171.17759453457595"",""90.3369331748883"",""0.0091552734375"",""0.011474609375"",""0.0068359375"",""2280"",""0.000269993808178305"",""32"",""0.000269993808178305"",""0"",""0.000269993808178305"",""0.000269993808178305"",""0.000269993808178305"",""48:0.0021683723902420904";50:0.002173197999118498;"38:0.0016579054233935575"",""48:68";50:68;"38:68"",""48:0.002246767083579765";50:0.0020424461655453308;"38:0.001602967654958598"",""0.0091552734375"",""0.00634765625"",""Yes"""
"50,""193.3850935311675"",""187.99756495751942"",""0.004638671875"",""0.008056640625"",""0.001220703125"",""2280"",""0.00026031445059006026"",""32"",""0.00026031445059006026"",""0"",""0.00026031445059006026"",""0.00026031445059006026"",""0.00026031445059006026"",""49:0.002173197999118498";"51:0.0016667694016149759"",""49:68";"51:68"",""49:0.0020424461655453308";"51:0.0014891472465275168"",""0.004638671875"",""0.025634765625"",""Yes""";;;
"51,""192.2902440998725"",""169.44989157820632"",""0.021240234375"",""0.028076171875"",""0.014404296875"",""2280"",""0.0001934845593770791"",""32"",""0.0001934845593770791"",""0"",""0.0001934845593770791"",""0.0001934845593770791"",""0.0001934845593770791"",""50:0.0016667694016149759";52:0.002442310531303532;"58:0.0026913013494486715"",""50:68";52:68;"58:68"",""50:0.0014891472465275168";52:0.002032932937667792;"58:0.0018718958763946358"",""0.021240234375"",""0.01708984375"",""Yes"""
"52,""182.02107929039767"",""49.38495003713887"",""0.0184326171875"",""0.031494140625"",""0.00537109375"",""2280"",""0.0002982962993435279"",""32"",""0.0002982962993435279"",""0"",""0.0002982962993435279"",""0.0002982962993435279"",""0.0002982962993435279"",""51:0.002442310531303532";"53:0.0017076011857035944"",""51:68";"53:68"",""51:0.002032932937667792";"53:0.0018735702102626872"",""0.0184326171875"",""0.015380859375"",""Yes""";;;
"53,""226.07479314382033"",""73.93736318027561"",""0.0059814453125"",""0.00732421875"",""0.004638671875"",""2280"",""0.00017177436664801306"",""32"",""0.00017177436664801306"",""0"",""0.00017177436664801306"",""0.00017177436664801306"",""0.00017177436664801306"",""39:0.0019728970668279333";52:0.0017076011857035944;"54:0.001600753896818713"",""39:68";52:68;"54:68"",""39:0.0016764316387279654";52:0.0018735702102626872;"54:0.0018153241625832595"",""0.0059814453125"",""0.005615234375"",""Yes"""
"54,""218.77898483115652"",""147.34680999755855"",""0.029296875"",""0.03369140625"",""0.02490234375"",""2280"",""0.0001984324429800799"",""32"",""0.0001984324429800799"",""0"",""0.0001984324429800799"",""0.0001984324429800799"",""0.0001984324429800799"",""53:0.001600753896818713";"55:0.00198768141212885"",""53:68";"55:68"",""53:0.0018153241625832595";"55:0.00248092218821222"",""0.029296875"",""0.2001953125"",""Yes""";;;
"55,""192.15376054745474"",""72.95148954097492"",""0.008544921875"",""0.009521484375"",""0.007568359375"",""2280"",""0.00016001483641968199"",""32"",""0.00016001483641968199"",""0"",""0.00016001483641968199"",""0.00016001483641968199"",""0.00016001483641968199"",""59:0.0012846209017700339";"54:0.00198768141212885"",""59:68";"54:68"",""59:0.0012409367810828353";"54:0.00248092218821222"",""0.008544921875"",""0.012451171875"",""Yes""";;;
"56,""178.41984131544064"",""31.563970082447398"",""0.0123291015625"",""0.021484375"",""0.003173828125"",""2280"",""0.0003451076153674375"",""32"",""0.0003451076153674375"",""0"",""0.0003451076153674375"",""0.0003451076153674375"",""0.0003451076153674375"",""63:0.0018017297432208756";"43:0.0024940139842680453"",""63:68";"43:68"",""63:0.0019957329852435812";"43:0.002874876000279525"",""0.0123291015625"",""0.015869140625"",""Yes""";;;
"57,""167.1726286849574"",""202.38905157965323"",""0.0068359375"",""0.010498046875"",""0.003173828125"",""2280"",""0.0003004394850350448"",""32"",""0.0003004394850350448"",""0"",""0.0003004394850350448"",""0.0003004394850350448"",""0.0003004394850350448"",""47:0.0019491933240723958";"67:0.0018587637934330825"",""47:68";"67:68"",""47:0.0018670721733782814";"67:0.0021613182446262036"",""0.0068359375"",""0.010986328125"",""Yes""";;;
"58,""182.16173103929998"",""120.21424122343345"",""0.0152587890625"",""0.011962890625"",""0.0185546875"",""2280"",""0.00017739274413468243"",""32"",""0.00017739274413468243"",""0"",""0.00017739274413468243"",""0.00017739274413468243"",""0.00017739274413468243"",""71:0.0017544538107520935";"51:0.0026913013494486715"",""71:68";"51:68"",""71:0.001281323364674486";"51:0.0018718958763946358"",""0.0152587890625"",""0.021484375"",""Yes""";;;
"59,""140.10759236825928"",""165.95546454845532"",""0.0062255859375"",""0.0078125"",""0.004638671875"",""2280"",""0.00018124268421076733"",""32"",""0.00018124268421076733"",""0"",""0.00018124268421076733"",""0.00018124268421076733"",""0.00018124268421076733"",""55:0.0012846209017700339";"75:0.0011886459788246206"",""55:68";"75:68"",""55:0.0012409367810828353";"75:0.001340124053440972"",""0.0062255859375"",""0.00390625"",""Yes""";;;
"60,""146.87139818891777"",""25.841769962630767"",""0.0047607421875"",""0.00537109375"",""0.004150390625"",""2280"",""0.00030149183654528473"",""32"",""0.00030149183654528473"",""0"",""0.00030149183654528473"",""0.00030149183654528473"",""0.00030149183654528473"",""61:0.0026266168590829975"",""61:68"",""61:0.00282549609226862"",""0.0047607421875"",""0.03564453125"",""Yes""";;;;;;
"61,""137.02873875768825"",""37.071769108458376"",""0.0107421875"",""0.013671875"",""0.006591796875"",""2280"",""0.0002772995252190777"",""32"",""0.0002772995252190777"",""0"",""0.0002772995252190777"",""0.0002772995252190777"",""0.0002772995252190777"",""76:0.002298664246412424";60:0.0026266168590829975;"62:0.0017686419861115965"",""76:68";60:68;"62:68"",""76:0.002437145261961121";60:0.00282549609226862;"62:0.0018849321939551633"",""0.0107421875"",""0.0087890625"",""Yes"""
"62,""176.24848688375815"",""91.42776496428863"",""0.0218505859375"",""0.008544921875"",""0.03515625"",""2280"",""0.0002294884575546891"",""32"",""0.0002294884575546891"",""0"",""0.0002294884575546891"",""0.0002294884575546891"",""0.0002294884575546891"",""61:0.0017686419861115965";"63:0.001928067688130225"",""61:68";"63:68"",""61:0.0018849321939551633";"63:0.0018593222372267904"",""0.0218505859375"",""0.499755859375"",""Yes""";;;
"63,""191.58307245984255"",""51.1257980883265"",""0.0093994140625"",""0.010986328125"",""0.0078125"",""2280"",""0.00023778646563626983"",""32"",""0.00023778646563626983"",""0"",""0.00023778646563626983"",""0.00023778646563626983"",""0.00023778646563626983"",""56:0.0018017297432208756";62:0.001928067688130225;"64:0.0016696716975503068"",""56:68";62:68;"64:68"",""56:0.0019957329852435812";62:0.0018593222372267904;"64:0.0016810096032250366"",""0.0093994140625"",""0.02587890625"",""Yes"""
"64,""158.54350066999538"",""92.86487025746706"",""0.011474609375"",""0.01806640625"",""0.0048828125"",""2280"",""0.0004245933906623076"",""32"",""0.0004245933906623076"",""0"",""0.0004245933906623076"",""0.0004245933906623076"",""0.0004245933906623076"",""65:0.002269916631447655";"63:0.0016696716975503068"",""65:68";"63:68"",""65:0.0019097287448488487";"63:0.0016810096032250366"",""0.011474609375"",""0.0400390625"",""Yes""";;;
"65,""180.77268919840353"",""176.39513563375615"",""0.011962890625"",""0.01904296875"",""0.0048828125"",""2280"",""0.0004581871003238185"",""32"",""0.0004581871003238185"",""0"",""0.0004581871003238185"",""0.0004581871003238185"",""0.0004581871003238185"",""64:0.002269916631447655";66:0.002027401753666641;"77:0.0019090250954723331"",""64:68";66:68;"77:68"",""64:0.0019097287448488487";66:0.0018771206629660253;"77:0.0017088309360314136"",""0.011962890625"",""0.013671875"",""Yes"""
"66,""109.61766687944817"",""123.64764717425876"",""0.010009765625"",""0.014892578125"",""0.005126953125"",""2280"",""0.0004942005366298986"",""32"",""0.0004942005366298986"",""0"",""0.0004942005366298986"",""0.0004942005366298986"",""0.0004942005366298986"",""65:0.002027401753666641";"67:0.002119949889032524"",""65:68";"67:68"",""65:0.0018771206629660253";"67:0.00196312666676976"",""0.010009765625"",""0.027587890625"",""Yes""";;;
"67,""163.38484415714774"",""154.93165846682646"",""0.0057373046875"",""0.00732421875"",""0.004150390625"",""2280"",""0.0002647693052674156"",""32"",""0.0002647693052674156"",""0"",""0.0002647693052674156"",""0.0002647693052674156"",""0.0002647693052674156"",""68:0.001663178970710305";57:0.0018587637934330825;"66:0.002119949889032524"",""68:68";57:68;"66:68"",""68:0.0017971058197978063";57:0.0021613182446262036;"66:0.00196312666676976"",""0.0057373046875"",""0.005126953125"",""Yes"""
"68,""140.8137253003131"",""108.14831176789343"",""0.005859375"",""0.009521484375"",""0.002197265625"",""2280"",""0.00021354821439968034"",""32"",""0.00021354821439968034"",""0"",""0.00021354821439968034"",""0.00021354821439968034"",""0.00021354821439968034"",""67:0.001663178970710305";"69:0.0019292875844805768"",""67:68";"69:68"",""67:0.0017971058197978063";"69:0.002593631317712758"",""0.005859375"",""0.01708984375"",""Yes""";;;
"69,""193.39005234827718"",""174.9242056561791"",""0.0062255859375"",""0.006103515625"",""0.00634765625"",""2280"",""0.00022499844154513004"",""32"",""0.00022499844154513004"",""0"",""0.00022499844154513004"",""0.00022499844154513004"",""0.00022499844154513004"",""78:0.0023882651697982593";68:0.0019292875844805768;"70:0.0029332290621810198"",""78:68";68:68;"70:68"",""78:0.0019179502962422823";68:0.002593631317712758;"70:0.002077380740490936"",""0.0062255859375"",""0.199951171875"",""Yes"""
"70,""155.04614312217"",""162.50408186022275"",""0.02294921875"",""0.022216796875"",""0.023681640625"",""2280"",""0.00027323357269245835"",""32"",""0.00027323357269245835"",""0"",""0.00027323357269245835"",""0.00027323357269245835"",""0.00027323357269245835"",""69:0.0029332290621810198";"71:0.001970633296745544"",""69:68";"71:68"",""69:0.002077380740490936";"71:0.0016068346473145922"",""0.02294921875"",""0.046630859375"",""Yes""";;;
"71,""181.31715157895516"",""118.75675587916244"",""0.0091552734375"",""0.011962890625"",""0.00634765625"",""2280"",""0.0003414442377406884"",""32"",""0.0003414442377406884"",""0"",""0.0003414442377406884"",""0.0003414442377406884"",""0.0003414442377406884"",""72:0.0018126025317945216";58:0.0017544538107520935;"70:0.001970633296745544"",""72:68";58:68;"70:68"",""72:0.0014449921492762363";58:0.001281323364674486;"70:0.0016068346473145922"",""0.0091552734375"",""0.0576171875"",""Yes"""
"72,""176.37061747298077"",""132.20208427694473"",""0.0240478515625"",""0.029052734375"",""0.01904296875"",""2280"",""0.00019444620001736983"",""32"",""0.00019444620001736983"",""0"",""0.00019444620001736983"",""0.00019444620001736983"",""0.00019444620001736983"",""73:0.0019482624953012506";"71:0.0018126025317945216"",""73:68";"71:68"",""73:0.0016298461334837422";"71:0.0014449921492762363"",""0.0240478515625"",""0.141357421875"",""Yes""";;;
"73,""193.39625138650604"",""147.87664638891943"",""0.0225830078125"",""0.025146484375"",""0.02001953125"",""2280"",""0.00019298656917844694"",""32"",""0.00019298656917844694"",""0"",""0.00019298656917844694"",""0.00019298656917844694"",""0.00019298656917844694"",""72:0.0019482624953012506";74:0.001343384821170801;"79:0.0016635106391202914"",""72:68";74:68;"79:68"",""72:0.0016298461334837422";74:0.0014155742156810314;"79:0.0015502868248001567"",""0.0225830078125"",""0.017822265625"",""Yes"""
"74,""199.06272777998063"",""146.4957815996491"",""0.0128173828125"",""0.018798828125"",""0.0068359375"",""2280"",""0.0002804962454641671"",""32"",""0.0002804962454641671"",""0"",""0.0002804962454641671"",""0.0002804962454641671"",""0.0002804962454641671"",""73:0.001343384821170801";"75:0.0014547159783649122"",""73:68";"75:68"",""73:0.0014155742156810314";"75:0.0012259825585568818"",""0.0128173828125"",""0.005615234375"",""Yes""";;;
"75,""146.03193904336516"",""90.71545425428945"",""0.014892578125"",""0.015380859375"",""0.014404296875"",""2280"",""0.0001765269544117719"",""32"",""0.0001765269544117719"",""0"",""0.0001765269544117719"",""0.0001765269544117719"",""0.0001765269544117719"",""59:0.0011886459788246206";"74:0.0014547159783649122"",""59:68";"74:68"",""59:0.001340124053440972";"74:0.0012259825585568818"",""0.014892578125"",""0.24609375"",""Yes""";;;
"76,""178.48720012618307"",""47.50795967505048"",""0.0113525390625"",""0.017333984375"",""0.00537109375"",""2280"",""0.0005550040887852003"",""32"",""0.0005550040887852003"",""0"",""0.0005550040887852003"",""0.0005550040887852003"",""0.0005550040887852003"",""81:0.002389049817375005";"61:0.002298664246412424"",""81:68";"61:68"",""81:0.0024194107114205166";"61:0.002437145261961121"",""0.0113525390625"",""0.0126953125"",""Yes""";;;
"77,""171.68163682684062"",""189.73380860894196"",""0.0103759765625"",""0.0166015625"",""0.004150390625"",""2280"",""0.00019453835274106082"",""32"",""0.00019453835274106082"",""0"",""0.00019453835274106082"",""0.00019453835274106082"",""0.00019453835274106082"",""85:0.005784633453325666";"65:0.0019090250954723331"",""85:68";"65:68"",""85:0.005172142687858122";"65:0.0017088309360314136"",""0.0103759765625"",""0.00537109375"",""Yes""";;;
"78,""148.30601863847286"",""32.96264936676172"",""0.0284423828125"",""0.02978515625"",""0.016845703125"",""2280"",""0.00030671123270217777"",""32"",""0.00030671123270217777"",""0"",""0.00030671123270217777"",""0.00030671123270217777"",""0.00030671123270217777"",""69:0.0023882651697982593";"89:0.0022457489408791997"",""69:68";"89:68"",""69:0.0019179502962422823";"89:0.002534318957902154"",""0.0284423828125"",""0.04052734375"",""Yes""";;;
"79,""176.75153877520768"",""80.50939283668089"",""0.01025390625"",""0.012451171875"",""0.008056640625"",""2280"",""0.00023394437017974245"",""32"",""0.00023394437017974245"",""0"",""0.00023394437017974245"",""0.00023394437017974245"",""0.00023394437017974245"",""93:0.0016973324823821023";"73:0.0016635106391202914"",""93:68";"73:68"",""93:0.0014764833245820008";"73:0.0015502868248001567"",""0.01025390625"",""0.005859375"",""Yes""";;;
"80,""188.62586215683524"",""225.34372337572995"",""0.0101318359375"",""0.011962890625"",""0.00830078125"",""2280"",""0.0004662705352112738"",""32"",""0.0004662705352112738"",""0"",""0.0004662705352112738"",""0.0004662705352112738"",""0.0004662705352112738"",""81:0.0020096121731658645"",""81:68"",""81:0.002151291927054516"",""0.0101318359375"",""0.07373046875"",""Yes""";;;;;;
"81,""215.28672183059075"",""239.25671601078315"",""0.011962890625"",""0.016845703125"",""0.007080078125"",""2280"",""0.00023753291020185496"",""32"",""0.00023753291020185496"",""0"",""0.00023753291020185496"",""0.00023753291020185496"",""0.00023753291020185496"",""80:0.0020096121731658645";82:0.0013457536443591545;"76:0.002389049817375005"",""80:68";82:68;"76:68"",""80:0.002151291927054516";82:0.001339968268324332;"76:0.0024194107114205166"",""0.011962890625"",""0.162353515625"",""Yes"""
"82,""170.98587329019676"",""187.8585734876708"",""0.018798828125"",""0.023193359375"",""0.014404296875"",""2280"",""0.00018236360089116222"",""32"",""0.00018236360089116222"",""0"",""0.00018236360089116222"",""0.00018236360089116222"",""0.00018236360089116222"",""81:0.0013457536443591545";"83:0.0011563502768414113"",""81:68";"83:68"",""81:0.001339968268324332";"83:0.0011658408689809163"",""0.018798828125"",""0.28662109375"",""Yes""";;;
"83,""229.9388259342054"",""189.3722209270056"",""0.0146484375"",""0.018310546875"",""0.010986328125"",""2280"",""0.0002213796262360754"",""32"",""0.0002213796262360754"",""0"",""0.0002213796262360754"",""0.0002213796262360754"",""0.0002213796262360754"",""96:0.0015952773784115304";82:0.0011563502768414113;"84:0.0020041925358008916"",""96:68";82:68;"84:68"",""96:0.0013867749624257852";82:0.0011658408689809163;"84:0.0021114384266567865"",""0.0146484375"",""0.03515625"",""Yes"""
"84,""157.30918372664618"",""62.868475468932964"",""0.0123291015625"",""0.017578125"",""0.007080078125"",""2280"",""0.00046875722342406043"",""32"",""0.00046875722342406043"",""0"",""0.00046875722342406043"",""0.00046875722342406043"",""0.00046875722342406043"",""83:0.0020041925358008916";"85:0.038250950776723136"",""83:68";"85:68"",""83:0.0021114384266567865";"85:0.03244008411698682"",""0.0123291015625"",""0.013427734375"",""Yes""";;;
"85,""138.2554228904292"",""106.48312647580703"",""0.014404296875"",""0.014404296875"",""0.014404296875"",""2280"",""0.0005677784877989298"",""32"",""0.0005677784877989298"",""0"",""0.0005677784877989298"",""0.0005677784877989298"",""0.0005677784877989298"",""77:0.005784633453325666";86:0.009952816228951444;"84:0.038250950776723136"",""77:68";86:68;"84:68"",""77:0.005172142687858122";86:0.006507069043057201;"84:0.03244008411698682"",""0.014404296875"",""0.47802734375"",""Yes"""
"86,""95.53175638371039"",""18.37680250004396"",""0.0123291015625"",""0.019287109375"",""0.00537109375"",""2280"",""0.00029270490341192797"",""32"",""0.00029270490341192797"",""0"",""0.00029270490341192797"",""0.00029270490341192797"",""0.00029270490341192797"",""85:0.009952816228951444";"87:0.005411284737329325"",""85:68";"87:68"",""85:0.006507069043057201";"87:0.0037432594218861637"",""0.0123291015625"",""0.03759765625"",""Yes""";;;
"87,""98.17556897042323"",""69.81265583663023"",""0.13623046875"",""0.04345703125"",""0.22900390625"",""2280"",""0.0002268057725168516"",""32"",""0.0002268057725168516"",""0"",""0.0002268057725168516"",""0.0002268057725168516"",""0.0002268057725168516"",""86:0.005411284737329325";88:0.0019674475878215525;"97:0.0019165905537279482"",""86:68";88:68;"97:68"",""86:0.0037432594218861637";88:0.001556343779487962;"97:0.002508190221141432"",""0.13623046875"",""0.5"",""Yes"""
"88,""141.9154018011821"",""15.993840174406705"",""0.0042724609375"",""0.004638671875"",""0.00390625"",""2280"",""0.00036538644052545025"",""32"",""0.00036538644052545025"",""0"",""0.00036538644052545025"",""0.00036538644052545025"",""0.00036538644052545025"",""87:0.0019674475878215525";"89:0.0021405688242937815"",""87:68";"89:68"",""87:0.001556343779487962";"89:0.0018491690774695146"",""0.0042724609375"",""0.0234375"",""Yes""";;;
"89,""156.8879652757137"",""131.2837743279625"",""0.0079345703125"",""0.0107421875"",""0.005126953125"",""2280"",""0.00019674022416025247"",""32"",""0.00019674022416025247"",""0"",""0.00019674022416025247"",""0.00019674022416025247"",""0.00019674022416025247"",""90:0.001490848986631349";88:0.0021405688242937815;"78:0.0022457489408791997"",""90:68";88:68;"78:68"",""90:0.001730558224476486";88:0.0018491690774695146;"78:0.002534318957902154"",""0.0079345703125"",""0.01904296875"",""Yes"""
"90,""143.34406492905404"",""128.13589109320102"",""0.0074462890625"",""0.011474609375"",""0.00341796875"",""2280"",""0.00022049507272792413"",""32"",""0.00022049507272792413"",""0"",""0.00022049507272792413"",""0.00022049507272792413"",""0.00022049507272792413"",""89:0.001490848986631349";"91:0.002013038173133086"",""89:68";"91:68"",""89:0.001730558224476486";"91:0.0020558549740761767"",""0.0074462890625"",""0.012451171875"",""Yes""";;;
"91,""181.6099794292911"",""94.52713051902516"",""0.006103515625"",""0.008056640625"",""0.004150390625"",""2280"",""0.0003034578263552167"",""32"",""0.0003034578263552167"",""0"",""0.0003034578263552167"",""0.0003034578263552167"",""0.0003034578263552167"",""98:0.0014078917200031626";90:0.002013038173133086;"92:0.0019922448507803947"",""98:68";90:68;"92:68"",""98:0.0015182620590759588";90:0.0020558549740761767;"92:0.0019028604953656991"",""0.006103515625"",""0.00634765625"",""Yes"""
"92,""160.37354379008417"",""142.37840093752482"",""0.06396484375"",""0.0693359375"",""0.05859375"",""2280"",""0.00036819626076646706"",""32"",""0.00036819626076646706"",""0"",""0.00036819626076646706"",""0.00036819626076646706"",""0.00036819626076646706"",""91:0.0019922448507803947";"93:0.00142208895512011"",""91:68";"93:68"",""91:0.0019028604953656991";"93:0.001460336563262915"",""0.06396484375"",""0.07373046875"",""Yes""";;;
"93,""208.89036787442643"",""104.04284033819152"",""0.00634765625"",""0.008056640625"",""0.004638671875"",""2280"",""0.00041121555433944337"",""32"",""0.00041121555433944337"",""0"",""0.00041121555433944337"",""0.00041121555433944337"",""0.00041121555433944337"",""94:0.0017207902989187507";79:0.0016973324823821023;"92:0.00142208895512011"",""94:68";79:68;"92:68"",""94:0.0015814672114425332";79:0.0014764833245820008;"92:0.001460336563262915"",""0.00634765625"",""0.011962890625"",""Yes"""
"94,""181.47113492421857"",""142.55519394200186"",""0.0108642578125"",""0.014892578125"",""0.0068359375"",""2280"",""0.00020677166358057345"",""32"",""0.00020677166358057345"",""0"",""0.00020677166358057345"",""0.00020677166358057345"",""0.00020677166358057345"",""93:0.0017207902989187507";"95:0.001399744925826979"",""93:68";"95:68"",""93:0.0015814672114425332";"95:0.0015845056171923666"",""0.0108642578125"",""0.013671875"",""Yes""";;;
"95,""211.78973332244476"",""248.1689372940888"",""0.005615234375"",""0.005859375"",""0.00390625"",""2280"",""0.00022744019592445017"",""32"",""0.00022744019592445017"",""0"",""0.00022744019592445017"",""0.00022744019592445017"",""0.00022744019592445017"",""99:0.006487869254670625";"94:0.001399744925826979"",""99:68";"94:68"",""99:0.010980363129545506";"94:0.0015845056171923666"",""0.005615234375"",""0.01806640625"",""Yes""";;;
"96,""186.27001574509336"",""120.4511341234121"",""0.0087890625"",""0.0078125"",""0.009765625"",""2280"",""0.00020618526654624567"",""32"",""0.00020618526654624567"",""0"",""0.00020618526654624567"",""0.00020618526654624567"",""0.00020618526654624567"",""83:0.0015952773784115304";"103:0.0013477173058278336"",""83:68";"103:68"",""83:0.0013867749624257852";"103:0.0011778135149035918"",""0.0087890625"",""0.5"",""Yes""";;;
"97,""143.567805023385"",""49.588689633983854"",""0.0067138671875"",""0.010498046875"",""0.0029296875"",""2280"",""0.00017079671191323086"",""32"",""0.00017079671191323086"",""0"",""0.00017079671191323086"",""0.00017079671191323086"",""0.00017079671191323086"",""87:0.0019165905537279482";"107:0.0016761575486818059"",""87:68";"107:68"",""87:0.002508190221141432";"107:0.0016908469796343417"",""0.0067138671875"",""0.01025390625"",""Yes""";;;
"98,""142.42343066663233"",""60.62703969397255"",""0.005859375"",""0.00732421875"",""0.00439453125"",""2280"",""0.0003325836095508583"",""32"",""0.0003325836095508583"",""0"",""0.0003325836095508583"",""0.0003325836095508583"",""0.0003325836095508583"",""91:0.0014078917200031626";"111:0.002857627504635668"",""91:68";"111:68"",""91:0.0015182620590759588";"111:0.001915448722564328"",""0.005859375"",""0.0234375"",""Yes""";;;
"99,""131.90447648003982"",""122.65302804120365"",""0.0537109375"",""0.065185546875"",""0.042236328125"",""2280"",""0.0007512091799546886"",""32"",""0.0007512091799546886"",""0"",""0.0007512091799546886"",""0.0007512091799546886"",""0.0007512091799546886"",""115:0.011457752895536133";"95:0.006487869254670625"",""115:68";"95:68"",""115:0.019130985741650897";"95:0.010980363129545506"",""0.0537109375"",""0.045166015625"",""Yes""";;;
"100,""132.82652318202946"",""133.1483920276272"",""0.00830078125"",""0.013427734375"",""0.003173828125"",""2280"",""0.000351543681502136"",""32"",""0.000351543681502136"",""0"",""0.000351543681502136"",""0.000351543681502136"",""0.000351543681502136"",""101:0.0017825908458357909"",""101:68"",""101:0.0018185912288346262"",""0.00830078125"",""0.10888671875"",""Yes""";;;;;;
"101,""235.98666100756773"",""193.13853634336613"",""0.010498046875"",""0.013427734375"",""0.007568359375"",""2280"",""0.00020856956768353844"",""32"",""0.00020856956768353844"",""0"",""0.00020856956768353844"",""0.00020856956768353844"",""0.00020856956768353844"",""100:0.0017825908458357909";116:0.00138926153420868;"102:0.0018200054342539795"",""100:68";116:68;"102:68"",""100:0.0018185912288346262";116:0.00147416109013776;"102:0.001584130096137365"",""0.010498046875"",""0.018310546875"",""Yes"""
"102,""201.966852792088"",""161.06192314298548"",""0.02099609375"",""0.02587890625"",""0.01611328125"",""2280"",""0.00022547868872061592"",""32"",""0.00022547868872061592"",""0"",""0.00022547868872061592"",""0.00022547868872061592"",""0.00022547868872061592"",""101:0.0018200054342539795";"103:0.0018533879508778883"",""101:68";"103:68"",""101:0.001584130096137365";"103:0.0017682483058240606"",""0.02099609375"",""0.49560546875"",""Yes""";;;
"103,""206.70216886589344"",""80.7139098515938"",""0.009765625"",""0.011474609375"",""0.008056640625"",""2280"",""0.00019701474761459355"",""32"",""0.00019701474761459355"",""0"",""0.00019701474761459355"",""0.00019701474761459355"",""0.00019701474761459355"",""104:0.002053541795435293";96:0.0013477173058278336;"102:0.0018533879508778883"",""104:68";96:68;"102:68"",""104:0.001438619892716153";96:0.0011778135149035918;"102:0.0017682483058240606"",""0.009765625"",""0.01611328125"",""Yes"""
"104,""132.50473139130992"",""169.7594759396991"",""0.0074462890625"",""0.00830078125"",""0.006591796875"",""2280"",""0.0005124579293737905"",""32"",""0.0005124579293737905"",""0"",""0.0005124579293737905"",""0.0005124579293737905"",""0.0005124579293737905"",""103:0.002053541795435293";"105:0.0017612459267808689"",""103:68";"105:68"",""103:0.001438619892716153";"105:0.0013433613024493307"",""0.0074462890625"",""0.11083984375"",""Yes""";;;
"105,""144.34102179546431"",""145.42396884693585"",""0.005859375"",""0.00927734375"",""0.00244140625"",""2280"",""0.0002364945110364818"",""32"",""0.0002364945110364818"",""0"",""0.0002364945110364818"",""0.0002364945110364818"",""0.0002364945110364818"",""104:0.0017612459267808689";106:0.0017601877950556288;"117:0.001404170568431451"",""104:68";106:68;"117:68"",""104:0.0013433613024493307";106:0.0015444584040931741;"117:0.0014393469130751513"",""0.005859375"",""0.00927734375"",""Yes"""
"106,""103.73071524314557"",""126.33766176348661"",""0.0093994140625"",""0.01611328125"",""0.002685546875"",""2280"",""0.0002977612606103429"",""32"",""0.0002977612606103429"",""0"",""0.0002977612606103429"",""0.0002977612606103429"",""0.0002977612606103429"",""107:0.001676265393077303";"105:0.0017601877950556288"",""107:68";"105:68"",""107:0.001566571897005653";"105:0.0015444584040931741"",""0.0093994140625"",""0.00537109375"",""Yes""";;;
"107,""191.88588461719195"",""174.00459808905356"",""0.11181640625"",""0.076416015625"",""0.147216796875"",""2280"",""0.00021743034130328548"",""32"",""0.00021743034130328548"",""0"",""0.00021743034130328548"",""0.00021743034130328548"",""0.00021743034130328548"",""106:0.001676265393077303";108:0.0020159071883627255;"97:0.0016761575486818059"",""106:68";108:68;"97:68"",""106:0.001566571897005653";108:0.0017206174752815162;"97:0.0016908469796343417"",""0.11181640625"",""0.00927734375"",""Yes"""
"108,""128.89043898188888"",""121.23049153463538"",""0.010009765625"",""0.013671875"",""0.00634765625"",""2280"",""0.0004146316696274813"",""32"",""0.0004146316696274813"",""0"",""0.0004146316696274813"",""0.0004146316696274813"",""0.0004146316696274813"",""107:0.0020159071883627255";"109:0.0014562574966612563"",""107:68";"109:68"",""107:0.0017206174752815162";"109:0.001517883672230852"",""0.010009765625"",""0.01611328125"",""Yes""";;;
"109,""186.82171318831655"",""174.22460635215208"",""0.0045166015625"",""0.0078125"",""0.001220703125"",""2280"",""0.0002466580504951337"",""32"",""0.0002466580504951337"",""0"",""0.0002466580504951337"",""0.0002466580504951337"",""0.0002466580504951337"",""108:0.0014562574966612563";110:0.0018264648107867154;"118:0.0026251493310734675"",""108:68";110:68;"118:68"",""108:0.001517883672230852";110:0.0016224806997787167;"118:0.002099327127752515"",""0.0045166015625"",""0.004150390625"",""Yes"""
"110,""152.2793367367621"",""102.68762324259419"",""0.0059814453125"",""0.00830078125"",""0.003662109375"",""2280"",""0.0003032867835633683"",""32"",""0.0003032867835633683"",""0"",""0.0003032867835633683"",""0.0003032867835633683"",""0.0003032867835633683"",""109:0.0018264648107867154";"111:0.002037247046853513"",""109:68";"111:68"",""109:0.0016224806997787167";"111:0.0018278814542350974"",""0.0059814453125"",""0.00341796875"",""Yes""";;;
"111,""209.44389275550228"",""158.03905744294752"",""0.03076171875"",""0.018310546875"",""0.043212890625"",""2280"",""0.0002032587874796206"",""32"",""0.0002032587874796206"",""0"",""0.0002032587874796206"",""0.0002032587874796206"",""0.0002032587874796206"",""112:0.11929036244732287";110:0.002037247046853513;"98:0.002857627504635668"",""112:68";110:68;"98:68"",""110:0.0018278814542350974";"98:0.001915448722564328"",""0.03076171875"",""0.026611328125"",""Yes""";
"112,""115.7672971416347"",""44.55967045948561"",""0.0635986328125"",""0.10009765625"",""0.023681640625"",""2280"",""0.02953030224286797"",""32"",""0.02953030224286797"",""0"",""0.02953030224286797"",""0.02953030224286797"",""0.02953030224286797"",""111:0.11929036244732287"",""111:68";"113:68"","""",""0.0635986328125"",""0.06689453125"",""Yes""";;;;;
"113,""179.29339374092226"",""85.7281631343645"",""0.12939453125"",""0.148681640625"",""0.110107421875"",""2280"","""",""32"","""",""0"","""","""","""",""119:0.0324251831430947";"114:0.030796064121783095"",""119:68";112:68;"114:68"",""119:0.03052838350113432";"114:0.022760443189090984"",""0.12939453125"",""0.161376953125"",""Yes""";;
"114,""178.89506512698642"",""26.270518730091013"",""0.0194091796875"",""0.017578125"",""0.021240234375"",""2280"",""0.00031622939640455866"",""32"",""0.00031622939640455866"",""0"",""0.00031622939640455866"",""0.00031622939640455866"",""0.00031622939640455866"",""115:0.005282975824837666";"113:0.030796064121783095"",""115:68";"113:68"",""115:0.0045598572434692175";"113:0.022760443189090984"",""0.0194091796875"",""0.011474609375"",""Yes""";;;
"115,""192.2718413664302"",""8.64800743887258"",""0.0115966796875"",""0.01513671875"",""0.008056640625"",""2280"",""0.00023496143164149252"",""32"",""0.00023496143164149252"",""0"",""0.00023496143164149252"",""0.00023496143164149252"",""0.00023496143164149252"",""99:0.011457752895536133";"114:0.005282975824837666"",""99:68";"114:68"",""99:0.019130985741650897";"114:0.0045598572434692175"",""0.0115966796875"",""0.099609375"",""Yes""";;;
"116,""149.87700283737234"",""165.85646757861807"",""0.0255126953125"",""0.0302734375"",""0.020751953125"",""2280"",""0.0002953659061898462"",""32"",""0.0002953659061898462"",""0"",""0.0002953659061898462"",""0.0002953659061898462"",""0.0002953659061898462"",""101:0.00138926153420868";"121:0.08148633422105389"",""101:68";"121:68"",""101:0.00147416109013776";"121:0.047213333313087746"",""0.0255126953125"",""0.327392578125"",""Yes""";;;
"117,""147.0346462567356"",""135.5118116454164"",""0.0107421875"",""0.01513671875"",""0.00634765625"",""2280"",""0.0002892906833533837"",""32"",""0.0002892906833533837"",""0"",""0.0002892906833533837"",""0.0002892906833533837"",""0.0002892906833533837"",""105:0.001404170568431451";"125:0.0017243894588313546"",""105:68";"125:68"",""105:0.0014393469130751513";"125:0.0015047138566749996"",""0.0107421875"",""0.01806640625"",""Yes""";;;
"118,""170.7303515977413"",""113.9428002481577"",""0.005615234375"",""0.00830078125"",""0.0029296875"",""2280"",""0.00021950438404131327"",""32"",""0.00021950438404131327"",""0"",""0.00021950438404131327"",""0.00021950438404131327"",""0.00021950438404131327"",""109:0.0026251493310734675";"129:0.00172490590831062"",""109:68";"129:68"",""109:0.002099327127752515";"129:0.0015016449621509942"",""0.005615234375"",""0.002685546875"",""Yes""";;;
"119,""137.72682992408713"",""122.72646481408792"",""0.0198974609375"",""0.02880859375"",""0.010986328125"",""2280"",""0.0007125978540482291"",""32"",""0.0007125978540482291"",""0"",""0.0007125978540482291"",""0.0007125978540482291"",""0.0007125978540482291"",""113:0.0324251831430947";"133:0.09833137293257699"",""113:68";"133:68"",""113:0.03052838350113432";"133:0.04444367325819348"",""0.0198974609375"",""0.013671875"",""Yes""";;;
"120,""161.64877747248673"",""91.50368264474847"",""0.024658203125"",""0.0185546875"",""0.03076171875"",""2280"",""0.0006219960317725065"",""32"",""0.0006219960317725065"",""0"",""0.0006219960317725065"",""0.0006219960317725065"",""0.0006219960317725065"",""121:0.10930754657806008"",""121:68"","""",""0.024658203125"",""0.0146484375"",""Yes""";;;;;;
"121,""14.790405094352597"",""23.441565664514567"",""0.334716796875"",""0.310302734375"",""0.359130859375"",""2280"","""",""32"","""",""0"","""","""","""",""120:0.10930754657806008";122:0.08257871771288494;"116:0.08148633422105389"",""120:68";122:68;"116:68"",""122:0.1458535342399866";"116:0.047213333313087746"",""0.334716796875"",""0.464599609375"",""Yes""";
"122,""177.08404461905394"",""181.36430479806268"",""0.0057373046875"",""0.009765625"",""0.001708984375"",""2280"",""0.0002336957239141847"",""32"",""0.0002336957239141847"",""0"",""0.0002336957239141847"",""0.0002336957239141847"",""0.0002336957239141847"",""121:0.08257871771288494";"123:0.0016583754318656996"",""121:68";"123:68"",""121:0.1458535342399866";"123:0.0015987032507161214"",""0.0057373046875"",""0.00439453125"",""Yes""";;;
"123,""190.99636582655526"",""19.472478408582177"",""0.02587890625"",""0.03369140625"",""0.01806640625"",""2280"",""0.0003198855421198206"",""32"",""0.0003198855421198206"",""0"",""0.0003198855421198206"",""0.0003198855421198206"",""0.0003198855421198206"",""136:0.0021351461372430547";124:0.0016401611137900618;"122:0.0016583754318656996"",""136:68";124:68;"122:68"",""136:0.0015378677855011347";124:0.0016333652120788522;"122:0.0015987032507161214"",""0.02587890625"",""0.005615234375"",""Yes"""
"124,""154.3991155454287"",""99.6888506094972"",""0.0089111328125"",""0.011474609375"",""0.00634765625"",""2280"",""0.00017109241076204582"",""32"",""0.00017109241076204582"",""0"",""0.00017109241076204582"",""0.00017109241076204582"",""0.00017109241076204582"",""123:0.0016401611137900618";"125:0.001671556193401258"",""123:68";"125:68"",""123:0.0016333652120788522";"125:0.0014375613002580445"",""0.0089111328125"",""0.011962890625"",""Yes""";;;
"125,""181.83761310233444"",""219.0390861950886"",""0.027587890625"",""0.037109375"",""0.01806640625"",""2280"",""0.0004046954317028243"",""32"",""0.0004046954317028243"",""0"",""0.0004046954317028243"",""0.0004046954317028243"",""0.0004046954317028243"",""117:0.0017243894588313546";124:0.001671556193401258;"126:0.001391049209611056"",""117:68";124:68;"126:68"",""117:0.0015047138566749996";124:0.0014375613002580445;"126:0.001472100093674683"",""0.027587890625"",""0.232421875"",""Yes"""
"126,""155.53976794945834"",""172.35265978961732"",""0.0098876953125"",""0.008544921875"",""0.01123046875"",""2280"",""0.0002601934204584357"",""32"",""0.0002601934204584357"",""0"",""0.0002601934204584357"",""0.0002601934204584357"",""0.0002601934204584357"",""127:0.001748102469330881";"125:0.001391049209611056"",""127:68";"125:68"",""127:0.0015546114124216637";"125:0.001472100093674683"",""0.0098876953125"",""0.04150390625"",""Yes""";;;
"127,""181.88599638683982"",""164.56371884233835"",""0.0546875"",""0.091796875"",""0.017578125"",""2280"",""0.0004340146832886002"",""32"",""0.0004340146832886002"",""0"",""0.0004340146832886002"",""0.0004340146832886002"",""0.0004340146832886002"",""126:0.001748102469330881";128:0.0022269863073761664;"137:0.0018700442620225577"",""126:68";128:68;"137:68"",""126:0.0015546114124216637";128:0.0017391428294850075;"137:0.0017106815203927483"",""0.0546875"",""0.172607421875"",""Yes"""
"128,""166.69294359493844"",""43.66320482089609"",""0.00634765625"",""0.010498046875"",""0.002197265625"",""2280"",""0.00021534759256028888"",""32"",""0.00021534759256028888"",""0"",""0.00021534759256028888"",""0.00021534759256028888"",""0.00021534759256028888"",""127:0.0022269863073761664";"129:0.0019258659119935628"",""127:68";"129:68"",""127:0.0017391428294850075";"129:0.0012353444141738612"",""0.00634765625"",""0.002685546875"",""Yes""";;;
"129,""164.6384830827824"",""119.01309661905472"",""0.00830078125"",""0.00830078125"",""0.007568359375"",""2280"",""0.0003236074373797665"",""32"",""0.0003236074373797665"",""0"",""0.0003236074373797665"",""0.0003236074373797665"",""0.0003236074373797665"",""130:0.006289480335193304";128:0.0019258659119935628;"118:0.00172490590831062"",""130:68";128:68;"118:68"",""130:0.005362178208609458";128:0.0012353444141738612;"118:0.0015016449621509942"",""0.00830078125"",""0.073486328125"",""Yes"""
"130,""179.08242711914497"",""139.9981724787469"",""0.023193359375"",""0.03955078125"",""0.0068359375"",""2280"",""0.00023206107872556517"",""32"",""0.00023206107872556517"",""0"",""0.00023206107872556517"",""0.00023206107872556517"",""0.00023206107872556517"",""129:0.006289480335193304"",""129:68";"131:68"",""129:0.005362178208609458"",""0.023193359375"",""0.026123046875"",""Yes""";;;;;
"131,""62.1744510427841"",""59.04832936108184"",""0.1063232421875"",""0.198974609375"",""0.013671875"",""2280"",""0.03511886976345791"",""32"",""0.03511886976345791"",""0"",""0.03511886976345791"",""0.03511886976345791"",""0.03511886976345791"",""138:0.03194517186686252";"132:0.025161384012705484"",""138:68";130:68;"132:68"",""138:0.016350454782011498"",""0.1063232421875"",""0.205078125"",""Yes""";;;
"132,""191.58561718291014"",""166.9379176879885"",""0.0042724609375"",""0.0048828125"",""0.003662109375"",""2280"",""0.0002624482951376576"",""32"",""0.0002624482951376576"",""0"",""0.0002624482951376576"",""0.0002624482951376576"",""0.0002624482951376576"",""133:0.0019341951195941953";"131:0.025161384012705484"",""133:68";"131:68"",""133:0.0016500522540755513"",""0.0042724609375"",""0.013671875"",""Yes""";;;;
"133,""160.81923370065383"",""135.35012630476848"",""0.00390625"",""0.00732421875"",""0.00048828125"",""2280"",""0.00026991697125848475"",""32"",""0.00026991697125848475"",""0"",""0.00026991697125848475"",""0.00026991697125848475"",""0.00026991697125848475"",""132:0.0019341951195941953";134:0.0018758982182053574;"119:0.09833137293257699"",""132:68";134:68;"119:68"",""132:0.0016500522540755513";134:0.0017538911188712536;"119:0.04444367325819348"",""0.00390625"",""0.006103515625"",""Yes"""
"134,""167.85082256981497"",""84.4770613242711"",""0.0062255859375"",""0.012451171875"",""0"",""2280"",""0.0002678845496237051"",""32"",""0.0002678845496237051"",""0"",""0.0002678845496237051"",""0.0002678845496237051"",""0.0002678845496237051"",""133:0.0018758982182053574";"135:0.002611002220700126"",""133:68";"135:68"",""133:0.0017538911188712536";"135:0.0021480444066198645"",""0.0062255859375"",""0.08447265625"",""Yes""";;;
"135,""52.21057483220723"",""55.59491279460435"",""0.01025390625"",""0.01611328125"",""0.00439453125"",""2280"",""0.0006279785617351911"",""32"",""0.0006279785617351911"",""0"",""0.0006279785617351911"",""0.0006279785617351911"",""0.0006279785617351911"",""134:0.002611002220700126";"139:0.002140186754845952"",""134:68";"139:68"",""134:0.0021480444066198645";"139:0.0021894808534247967"",""0.01025390625"",""0.055419921875"",""Yes""";;;
"136,""146.815350720426"",""182.41504311796461"",""0.0081787109375"",""0.0126953125"",""0.003662109375"",""2280"",""0.0003439388173289522"",""32"",""0.0003439388173289522"",""0"",""0.0003439388173289522"",""0.0003439388173289522"",""0.0003439388173289522"",""123:0.0021351461372430547";"143:0.0016934315393095367"",""123:68";"143:68"",""123:0.0015378677855011347";"143:0.002572764207221967"",""0.0081787109375"",""0.005615234375"",""Yes""";;;
"137,""174.30417807343784"",""15.29269682269156"",""0.0115966796875"",""0.017578125"",""0.005615234375"",""2280"",""0.0003144012173926174"",""32"",""0.0003144012173926174"",""0"",""0.0003144012173926174"",""0.0003144012173926174"",""0.0003144012173926174"",""147:0.0028310150815423762";"127:0.0018700442620225577"",""147:68";"127:68"",""147:0.0032341816822600566";"127:0.0017106815203927483"",""0.0115966796875"",""0.01171875"",""Yes""";;;
"138,""203.3927841667251"",""90.55115190934052"",""0.008544921875"",""0.009521484375"",""0.007568359375"",""2280"",""0.00015665454387360926"",""32"",""0.00015665454387360926"",""0"",""0.00015665454387360926"",""0.00015665454387360926"",""0.00015665454387360926"",""151:0.001644757770086741";"131:0.03194517186686252"",""151:80";"131:68"",""151:0.0014650773319997423";"131:0.016350454782011498"",""0.008544921875"",""0.011962890625"",""Yes""";;;
"139,""143.15002786194555"",""16.265334097508287"",""0.0172119140625"",""0.0322265625"",""0.002197265625"",""2280"",""0.0003507966016545745"",""32"",""0.0003507966016545745"",""0"",""0.0003507966016545745"",""0.0003507966016545745"",""0.0003507966016545745"",""155:0.0016561943222927478";"135:0.002140186754845952"",""155:68";"135:68"",""155:0.001677359681568874";"135:0.0021894808534247967"",""0.0172119140625"",""0.00634765625"",""Yes""";;;
"140,""163.3224230794747"",""222.27956868078928"",""0.0186767578125"",""0.02783203125"",""0.009521484375"",""2280"",""0.00022307622405233165"",""32"",""0.00022307622405233165"",""0"",""0.00022307622405233165"",""0.00022307622405233165"",""0.00022307622405233165"",""141:0.0014383201884141938"",""141:68"",""141:0.00141006315976"",""0.0186767578125"",""0.010498046875"",""Yes""";;;;;;
"141,""200.5963771103867"",""131.0658062132169"",""0.0069580078125"",""0.00927734375"",""0.004638671875"",""2280"",""0.00020889518204924155"",""32"",""0.00020889518204924155"",""0"",""0.00020889518204924155"",""0.00020889518204924155"",""0.00020889518204924155"",""140:0.0014383201884141938";"142:0.0012810377473764234"",""140:68";"142:68"",""140:0.00141006315976";"142:0.0016997615785573073"",""0.0069580078125"",""0.04833984375"",""Yes""";;;
"142,""174.44546701731477"",""107.17674184278383"",""0.0045166015625"",""0.00634765625"",""0.002685546875"",""2280"",""0.00029291791092273596"",""32"",""0.00029291791092273596"",""0"",""0.00029291791092273596"",""0.00029291791092273596"",""0.00029291791092273596"",""143:0.0015481409458343864";"141:0.0012810377473764234"",""143:68";"141:68"",""143:0.0019136563383957417";"141:0.0016997615785573073"",""0.0045166015625"",""0.010498046875"",""Yes""";;;
"143,""195.12973949771592"",""43.728165451971215"",""0.0147705078125"",""0.0107421875"",""0.018798828125"",""2280"",""0.0001491360271552112"",""32"",""0.0001491360271552112"",""0"",""0.0001491360271552112"",""0.0001491360271552112"",""0.0001491360271552112"",""142:0.0015481409458343864";144:0.0019064990579186203;"136:0.0016934315393095367"",""142:68";144:68;"136:68"",""142:0.0019136563383957417";144:0.0016110132418551415;"136:0.002572764207221967"",""0.0147705078125"",""0.011474609375"",""Yes"""
"144,""150.01082115474142"",""192.87829289860375"",""0.015869140625"",""0.024658203125"",""0.007080078125"",""2280"",""0.00032555251524693973"",""32"",""0.00032555251524693973"",""0"",""0.00032555251524693973"",""0.00032555251524693973"",""0.00032555251524693973"",""145:0.0062187161998426";"143:0.0019064990579186203"",""145:68";"143:68"",""145:0.007684876452002304";"143:0.0016110132418551415"",""0.015869140625"",""0.013916015625"",""Yes""";;;
"145,""204.18713935447835"",""108.19287311583659"",""0.0150146484375"",""0.013427734375"",""0.0166015625"",""2280"",""0.0013013010826684566"",""32"",""0.0013013010826684566"",""0"",""0.0013013010826684566"",""0.0013013010826684566"",""0.0013013010826684566"",""144:0.0062187161998426"",""144:68";"146:68"",""144:0.007684876452002304"",""0.0150146484375"",""0.04443359375"",""Yes""";;;;;
"146,"""","""",""0.49658203125"",""0.52294921875"",""0.50341796875"",""2280"","""",""32"","""",""0"","""","""","""","""",""145:68";"147:68"","""",""0.49658203125"",""0.5"",""Yes""";;;;;
"147,""216.24637088067874"",""73.30012861677172"",""0.0091552734375"",""0.010009765625"",""0.00830078125"",""2280"",""0.0014371659949942734"",""32"",""0.0014371659949942734"",""0"",""0.0014371659949942734"",""0.0014371659949942734"",""0.0014371659949942734"",""148:0.002870317036938519";"137:0.0028310150815423762"",""148:68";137:68;"146:68"",""148:0.0026827461646876383";"137:0.0032341816822600566"",""0.0091552734375"",""0.310546875"",""Yes""";;
"148,""169.33616929719574"",""141.91871936007468"",""0.0072021484375"",""0.0126953125"",""0.001708984375"",""2280"",""0.0002075986822259938"",""32"",""0.0002075986822259938"",""0"",""0.0002075986822259938"",""0.0002075986822259938"",""0.0002075986822259938"",""147:0.002870317036938519";"149:0.0022681266263471778"",""147:68";"149:68"",""147:0.0026827461646876383";"149:0.002537497883929235"",""0.0072021484375"",""0.008056640625"",""Yes""";;;
"149,""242.08659786355173"",""255.51666560710694"",""0.0047607421875"",""0.007080078125"",""0.00244140625"",""2280"",""0.0002735907107594731"",""32"",""0.0002735907107594731"",""0"",""0.0002735907107594731"",""0.0002735907107594731"",""0.0002735907107594731"",""150:0.002785262160092561";"148:0.0022681266263471778"",""150:68";"148:68"",""150:0.002115380299483355";"148:0.002537497883929235"",""0.0047607421875"",""0.006591796875"",""Yes""";;;
"150,""206.75455906056484"",""258.25757664305615"",""0.009033203125"",""0.012939453125"",""0.005126953125"",""2280"",""0.0003160472577261483"",""32"",""0.0003160472577261483"",""0"",""0.0003160472577261483"",""0.0003160472577261483"",""0.0003160472577261483"",""149:0.002785262160092561";"151:0.0019057952530033562"",""149:68";"151:68"",""149:0.002115380299483355";"151:0.0015488549852213374"",""0.009033203125"",""0.006591796875"",""Yes""";;;
"151,""215.23252631550275"",""192.7152063198343"",""0.0087890625"",""0.00927734375"",""0.00830078125"",""2280"",""0.00023996898648844856"",""32"",""0.00023996898648844856"",""0"",""0.00023996898648844856"",""0.00023996898648844856"",""0.00023996898648844856"",""138:0.001644757770086741";152:0.001474267367860549;"150:0.0019057952530033562"",""138:80";152:68;"150:68"",""138:0.0014650773319997423";152:0.0013679218242935443;"150:0.0015488549852213374"",""0.0087890625"",""0.00537109375"",""Yes"""
"152,""221.26062860733555"",""82.48394839146448"",""0.00830078125"",""0.01171875"",""0.0048828125"",""2280"",""0.0003484621000616608"",""32"",""0.0003484621000616608"",""0"",""0.0003484621000616608"",""0.0003484621000616608"",""0.0003484621000616608"",""151:0.001474267367860549";"153:0.003978933019533032"",""151:68";"153:68"",""151:0.0013679218242935443";"153:0.002299518327001343"",""0.00830078125"",""0.005615234375"",""Yes""";;;
"153,""228.05863484353574"",""147.21078491370446"",""0.01513671875"",""0.0146484375"",""0.015625"",""2280"",""0.0001331824976987557"",""32"",""0.0001331824976987557"",""0"",""0.0001331824976987557"",""0.0001331824976987557"",""0.0001331824976987557"",""152:0.003978933019533032";"154:0.001661106691868447"",""152:68";"154:68"",""152:0.002299518327001343";"154:0.0019228886084155516"",""0.01513671875"",""0.008544921875"",""Yes""";;;
"154,""187.59117481841102"",""131.42715955778567"",""0.008056640625"",""0.009033203125"",""0.007080078125"",""2280"",""0.0002737685383310204"",""32"",""0.0002737685383310204"",""0"",""0.0002737685383310204"",""0.0002737685383310204"",""0.0002737685383310204"",""153:0.001661106691868447";"155:0.0019412678903869829"",""153:68";"155:68"",""153:0.0019228886084155516";"155:0.0021596636919947176"",""0.008056640625"",""0.302734375"",""Yes""";;;
"155,""184.1447784408526"",""180.38510315016808"",""0.009521484375"",""0.010986328125"",""0.008056640625"",""2280"",""0.00024249231282943623"",""32"",""0.00024249231282943623"",""0"",""0.00024249231282943623"",""0.00024249231282943623"",""0.00024249231282943623"",""139:0.0016561943222927478";"154:0.0019412678903869829"",""139:68";"154:68"",""139:0.001677359681568874";"154:0.0021596636919947176"",""0.009521484375"",""0.0078125"",""Yes""";;;
